Post ID,Theme,Primary Platform,Suggested Contacts,Why Notify,Notification Angle
GCP-01-category-name,"Regenerative Coordination Economy",LinkedIn,"Jeevan Sivasubramaniam; Berrett-Koehler team; Kyla Scanlon; Kevin Owocki; Funding the Commons; Nathan Schneider","Publisher confidence plus category translator fit","I am testing a category frame for the revised Greco edition: regenerative coordination economy."
GCP-02-community-exchange,"Community without exchange is fragile",X,"Greg Isenberg; Jay Clouse; Li Jin; Circle; Skool; Patreon; Jack Conte","Creator and community operators already discuss audience ownership but not exchange architecture","This post connects community businesses to value-flow systems, not just audience ownership."
GCP-03-trust-mediated-exchange,"Trust-Mediated Exchange",LinkedIn,"Credit Commons Society; Mutual Credit Services; P2P Foundation; Michel Bauwens; Nathan Schneider","Direct mechanism fit around trust, reputation, contribution, obligation, and exchange","I am trying to translate Greco's exchange architecture into contemporary trust and governance language."
GCP-04-after-crypto,"After speculative crypto",X,"Molly White; Paris Marx; Cory Doctorow; Bankless; Greenpill Network; ReFi DAO","Useful bridge between crypto critique and non-speculative exchange alternatives","This is not a crypto pitch. It asks what remains after token speculation fails to solve exchange."
GCP-05-public-goods,"Public goods need exchange",LinkedIn,"Funding the Commons; Gitcoin; Kevin Owocki; Octant; Hypercerts; Open Source Pledge","Public goods communities already face contribution recognition and funding issues","I am exploring why funding alone is not the full value-flow layer."
GCP-06-local-resilience,"Local resilience needs local exchange capacity",X,"Schumacher Center; BerkShares; Transition Network; ILSR; Shareable; Post Carbon Institute; Resilience.org","Local economy and resilience audiences are natural publisher-confidence channels","This frames Greco as exchange capacity for local resilience."
GCP-07-ai-trust,"AI makes trust economic infrastructure",LinkedIn,"Content Authenticity Initiative; Decentralized Identity Foundation; Project Liberty; Audrey Tang; Ethan Zuckerman; Glen Weyl","AI, identity, provenance, and governance audiences need an exchange bridge","I am connecting provenance and identity to exchange provenance and accountable value flow."
GCP-08-open-source,"Open source needs obligation systems",X,"Open Source Pledge; Sentry; GitHub open source programs; Tidelift; Sovereign Tech Agency; NLnet Foundation; Radicle","Open-source sustainability maps cleanly to contribution, obligation, and exchange","This thread argues that donationware is not enough; maintainers need better value-flow architecture."
GCP-09-creator-economy,"The creator economy's missing exchange layer",LinkedIn,"Li Jin; Jay Clouse; Colin and Samir; Jack Conte; Substack; Beehiiv; Kajabi; ConvertKit / Kit","Creators want audience ownership and monetization; Greco adds exchange theory","I am developing the next layer after audience ownership: community value-flow ownership."
GCP-10-credit-commons,"Credit Commons as coordination architecture",X,"Credit Commons Society; Mutual Credit Services; Holochain; Encointer; Grassroots Economics; Community Exchange System","Direct practitioner and technical fit","This thread positions Credit Commons as coordination architecture, not old monetary reform."
GCP-11-publisher-travel,"Can the revised edition travel now?",LinkedIn,"Jeevan Sivasubramaniam; Berrett-Koehler team; Schumacher Center; Chelsea Green network; Post Carbon Institute; Shareable","Direct publisher-facing confidence post","This post summarizes why the audience has expanded beyond monetary reform."
GCP-12-money-as-claim,"Money as claim on real value",X,"Tim Morgan; Post Carbon Institute; Resilience.org; Catherine Austin Fitts; Solari Report; Ethical Markets","Energy economics and sovereignty channels already use claim language","This thread connects Greco's redeemable-claim logic to real productive capacity."
GCP-13-governance-before-tools,"Governance before tools",LinkedIn,"Nathan Schneider; Platform Cooperativism Consortium; Trebor Scholz; Metagov; DAOstar; Primavera De Filippi","Governance audiences can translate exchange as governed infrastructure","I am making the case that exchange systems are governable spaces."
GCP-14-category-recap,"Category recap and invitation",X,"Kyla Scanlon; Hank Green / Complexly; Kevin Owocki; Funding the Commons; Cory Doctorow; Jay Clouse; Nathan Schneider","End-of-sequence synthesis for high-leverage translators","This thread recaps the category and invites better language from people working adjacent to it."
